<?xml version="1.0" encoding="UTF-8"?>
<project-private xmlns="http://www.netbeans.org/ns/project-private/1">
    <editor-bookmarks xmlns="http://www.netbeans.org/ns/editor-bookmarks/2" lastBookmarkId="0"/>
    <open-files xmlns="http://www.netbeans.org/ns/projectui-open-files/2">
        <group>
            <file>file:/C:/xampp/htdocs/film/functions/get.php</file>
            <file>file:/C:/xampp/htdocs/film/functions/delete.php</file>
            <file>file:/C:/xampp/htdocs/film/functions/update.php</file>
            <file>file:/C:/xampp/htdocs/film/functions/insert.php</file>
            <file>file:/C:/xampp/htdocs/film/config/connection.php</file>
            <file>file:/C:/xampp/htdocs/film/index.php</file>
        </group>
    </open-files>
</project-private>
